"","sample","dbSNP.ID","count.R","count.A","pctR","R","absR","pvalue","pcat"
"1","/home/lmd/Documents/job_application/invitae_assignment/hw_sample_0.csv","rs10031144",85,63,0.574324324324324,0.0743243243243243,0.0743243243243243,0.956413532417784,FALSE
"3","/home/lmd/Documents/job_application/invitae_assignment/hw_sample_0.csv","rs10044327",260,241,0.518962075848303,0.0189620758483033,0.0189620758483033,0.668724528605043,FALSE
"5","/home/lmd/Documents/job_application/invitae_assignment/hw_sample_0.csv","rs10829589",654,3,0.995433789954338,-0.00456621004566216,0.00456621004566216,0.458153414983955,FALSE
"7","/home/lmd/Documents/job_application/invitae_assignment/hw_sample_0.csv","rs10889119",48,1073,0.0428189116859946,0.0428189116859946,0.0428189116859946,0.837795035302081,FALSE
"9","/home/lmd/Documents/job_application/invitae_assignment/hw_sample_0.csv","rs11118858",92,102,0.474226804123711,-0.0257731958762887,0.0257731958762887,0.27654195722387,FALSE
"11","/home/lmd/Documents/job_application/invitae_assignment/hw_sample_0.csv","rs11258412",18,451,0.0383795309168444,0.0383795309168444,0.0383795309168444,0.811454248218676,FALSE
"13","/home/lmd/Documents/job_application/invitae_assignment/hw_sample_0.csv","rs11683450",284,217,0.56686626746507,0.0668662674650699,0.0668662674650699,0.938081103122395,FALSE
"15","/home/lmd/Documents/job_application/invitae_assignment/hw_sample_0.csv","rs11715522",263,4,0.98501872659176,-0.0149812734082397,0.0149812734082397,0.365130038455176,FALSE
"17","/home/lmd/Documents/job_application/invitae_assignment/hw_sample_0.csv","rs11725087",482,9,0.981670061099796,-0.0183299389002036,0.0183299389002036,0.336568748096718,FALSE
"19","/home/lmd/Documents/job_application/invitae_assignment/hw_sample_0.csv","rs11919274",117,99,0.541666666666667,0.0416666666666666,0.0416666666666666,0.831200032210551,FALSE
"21","/home/lmd/Documents/job_application/invitae_assignment/hw_sample_0.csv","rs12140319",10,404,0.0241545893719807,0.0241545893719807,0.0241545893719807,0.710858555755039,FALSE
"23","/home/lmd/Documents/job_application/invitae_assignment/hw_sample_0.csv","rs12492157",30,729,0.0395256916996047,0.0395256916996047,0.0395256916996047,0.818495321339688,FALSE
"25","/home/lmd/Documents/job_application/invitae_assignment/hw_sample_0.csv","rs12614754",323,1,0.996913580246914,-0.00308641975308643,0.00308641975308643,0.471686549368248,FALSE
"27","/home/lmd/Documents/job_application/invitae_assignment/hw_sample_0.csv","rs12631577",9,243,0.0357142857142857,0.0357142857142857,0.0357142857142857,0.794441608207626,FALSE
"29","/home/lmd/Documents/job_application/invitae_assignment/hw_sample_0.csv","rs1295111",655,736,0.470884255930985,-0.0291157440690151,0.0291157440690151,0.25140631856457,FALSE
"31","/home/lmd/Documents/job_application/invitae_assignment/hw_sample_0.csv","rs13011835",188,5,0.974093264248705,-0.0259067357512953,0.0259067357512953,0.275514602661448,FALSE
"33","/home/lmd/Documents/job_application/invitae_assignment/hw_sample_0.csv","rs13105200",8,94,0.0784313725490196,0.0784313725490196,0.0784313725490196,0.96446442470457,FALSE
"35","/home/lmd/Documents/job_application/invitae_assignment/hw_sample_0.csv","rs13144747",510,30,0.944444444444444,-0.0555555555555556,0.0555555555555556,0.100526435277455,FALSE
"37","/home/lmd/Documents/job_application/invitae_assignment/hw_sample_0.csv","rs13385577",45,660,0.0638297872340425,0.0638297872340425,0.0638297872340425,0.929081046584886,FALSE
"39","/home/lmd/Documents/job_application/invitae_assignment/hw_sample_0.csv","rs1360913",138,208,0.398843930635838,-0.101156069364162,0.101156069364162,0.00995579700805603,FALSE
"41","/home/lmd/Documents/job_application/invitae_assignment/hw_sample_0.csv","rs1362840",366,3,0.991869918699187,-0.00813008130081305,0.00813008130081305,0.425788762783438,FALSE
"43","/home/lmd/Documents/job_application/invitae_assignment/hw_sample_0.csv","rs1415960",563,735,0.433744221879815,-0.0662557781201849,0.0662557781201849,0.0636528759472201,FALSE
"45","/home/lmd/Documents/job_application/invitae_assignment/hw_sample_0.csv","rs1656376",241,205,0.540358744394619,0.0403587443946188,0.0403587443946188,0.823508206390707,FALSE
"47","/home/lmd/Documents/job_application/invitae_assignment/hw_sample_0.csv","rs16902776",422,7,0.983682983682984,-0.0163170163170163,0.0163170163170163,0.35363672791591,FALSE
"49","/home/lmd/Documents/job_application/invitae_assignment/hw_sample_0.csv","rs17029053",121,157,0.435251798561151,-0.0647482014388489,0.0647482014388489,0.0680966649964183,FALSE
"51","/home/lmd/Documents/job_application/invitae_assignment/hw_sample_0.csv","rs1703285",108,87,0.553846153846154,0.0538461538461539,0.0538461538461539,0.89236750389304,FALSE
"53","/home/lmd/Documents/job_application/invitae_assignment/hw_sample_0.csv","rs1768809",1,385,0.00259067357512953,0.00259067357512953,0.00259067357512953,0.523771595986506,FALSE
"54","/home/lmd/Documents/job_application/invitae_assignment/hw_sample_0.csv","rs1796879",15,299,0.0477707006369427,0.0477707006369427,0.0477707006369427,0.864202466833441,FALSE
"56","/home/lmd/Documents/job_application/invitae_assignment/hw_sample_0.csv","rs1799398",137,142,0.491039426523298,-0.00896057347670248,0.00896057347670248,0.418309932780894,FALSE
"58","/home/lmd/Documents/job_application/invitae_assignment/hw_sample_0.csv","rs1890846",490,405,0.547486033519553,0.0474860335195531,0.0474860335195531,0.862769150693614,FALSE
"60","/home/lmd/Documents/job_application/invitae_assignment/hw_sample_0.csv","rs2073400",500,1,0.998003992015968,-0.00199600798403199,0.00199600798403199,0.481680549369723,FALSE
"62","/home/lmd/Documents/job_application/invitae_assignment/hw_sample_0.csv","rs2235547",403,16,0.9618138424821,-0.0381861575178998,0.0381861575178998,0.189750071877313,FALSE
"64","/home/lmd/Documents/job_application/invitae_assignment/hw_sample_0.csv","rs2360833",1,437,0.00228310502283105,0.00228310502283105,0.00228310502283105,0.520952168522876,FALSE
"65","/home/lmd/Documents/job_application/invitae_assignment/hw_sample_0.csv","rs250348",170,99,0.631970260223048,0.131970260223048,0.131970260223048,0.998805940599351,FALSE
"67","/home/lmd/Documents/job_application/invitae_assignment/hw_sample_0.csv","rs2582353",281,318,0.469115191986644,-0.0308848080133556,0.0308848080133556,0.238609005962234,FALSE
"69","/home/lmd/Documents/job_application/invitae_assignment/hw_sample_0.csv","rs34102579",1272,10,0.992199687987519,-0.00780031201248055,0.00780031201248055,0.428766012604403,FALSE
"71","/home/lmd/Documents/job_application/invitae_assignment/hw_sample_0.csv","rs347150",268,267,0.500934579439252,0.000934579439252348,0.000934579439252348,0.508579967149954,FALSE
"73","/home/lmd/Documents/job_application/invitae_assignment/hw_sample_0.csv","rs4667886",480,387,0.55363321799308,0.0536332179930796,0.0536332179930796,0.891457580129069,FALSE
"75","/home/lmd/Documents/job_application/invitae_assignment/hw_sample_0.csv","rs4672359",252,247,0.50501002004008,0.00501002004008011,0.00501002004008011,0.545896644008523,FALSE
"77","/home/lmd/Documents/job_application/invitae_assignment/hw_sample_0.csv","rs4752189",1,679,0.00147058823529412,0.00147058823529412,0.00147058823529412,0.513499294486733,FALSE
"78","/home/lmd/Documents/job_application/invitae_assignment/hw_sample_0.csv","rs4855031",47,352,0.117794486215539,0.117794486215539,0.117794486215539,0.996645227677842,FALSE
"80","/home/lmd/Documents/job_application/invitae_assignment/hw_sample_0.csv","rs4953297",403,1,0.997524752475248,-0.00247524752475248,0.00247524752475248,0.477286362669056,FALSE
"81","/home/lmd/Documents/job_application/invitae_assignment/hw_sample_0.csv","rs579511",265,314,0.457685664939551,-0.0423143350604491,0.0423143350604491,0.165072040689491,FALSE
"83","/home/lmd/Documents/job_application/invitae_assignment/hw_sample_0.csv","rs624455",193,236,0.44988344988345,-0.0501165501165501,0.0501165501165501,0.124376366805706,FALSE
"85","/home/lmd/Documents/job_application/invitae_assignment/hw_sample_0.csv","rs6436409",229,268,0.460764587525151,-0.0392354124748491,0.0392354124748491,0.183272165521469,FALSE
"87","/home/lmd/Documents/job_application/invitae_assignment/hw_sample_0.csv","rs6661116",297,6,0.98019801980198,-0.0198019801980198,0.0198019801980198,0.324294403442528,FALSE
"89","/home/lmd/Documents/job_application/invitae_assignment/hw_sample_0.csv","rs6677868",364,432,0.457286432160804,-0.042713567839196,0.042713567839196,0.162800849436943,FALSE
"91","/home/lmd/Documents/job_application/invitae_assignment/hw_sample_0.csv","rs6725201",335,1,0.99702380952381,-0.00297619047619047,0.00297619047619047,0.472696134424649,FALSE
"92","/home/lmd/Documents/job_application/invitae_assignment/hw_sample_0.csv","rs6736082",26,1015,0.0249759846301633,0.0249759846301633,0.0249759846301633,0.717286125765644,FALSE
"94","/home/lmd/Documents/job_application/invitae_assignment/hw_sample_0.csv","rs6769809",148,127,0.538181818181818,0.0381818181818182,0.0381818181818182,0.810222848789481,FALSE
"96","/home/lmd/Documents/job_application/invitae_assignment/hw_sample_0.csv","rs6806386",379,1,0.997368421052632,-0.00263157894736843,0.00263157894736843,0.47585351813953,FALSE
"98","/home/lmd/Documents/job_application/invitae_assignment/hw_sample_0.csv","rs698666",321,275,0.538590604026846,0.0385906040268457,0.0385906040268457,0.812763407946151,FALSE
"100","/home/lmd/Documents/job_application/invitae_assignment/hw_sample_0.csv","rs7092383",564,26,0.955932203389831,-0.0440677966101695,0.0440677966101695,0.155248927799249,FALSE
"102","/home/lmd/Documents/job_application/invitae_assignment/hw_sample_0.csv","rs7426662",722,2,0.997237569060773,-0.00276243093922657,0.00276243093922657,0.474654442750917,FALSE
"104","/home/lmd/Documents/job_application/invitae_assignment/hw_sample_0.csv","rs7591097",300,1,0.996677740863787,-0.00332225913621265,0.00332225913621265,0.469527126101811,FALSE
"105","/home/lmd/Documents/job_application/invitae_assignment/hw_sample_0.csv","rs7913502",164,185,0.469914040114613,-0.0300859598853868,0.0300859598853868,0.244343266148864,FALSE
"107","/home/lmd/Documents/job_application/invitae_assignment/hw_sample_0.csv","rs7914545",75,73,0.506756756756757,0.0067567567567568,0.0067567567567568,0.561786523540792,FALSE
"109","/home/lmd/Documents/job_application/invitae_assignment/hw_sample_0.csv","rs7915483",460,2,0.995670995670996,-0.00432900432900429,0.00432900432900429,0.460319883812603,FALSE
"111","/home/lmd/Documents/job_application/invitae_assignment/hw_sample_0.csv","rs7919129",387,1,0.997422680412371,-0.00257731958762886,0.00257731958762886,0.476350794008371,FALSE
"112","/home/lmd/Documents/job_application/invitae_assignment/hw_sample_0.csv","rs7922050",271,210,0.563409563409563,0.0634095634095634,0.0634095634095634,0.927760109610452,FALSE
"114","/home/lmd/Documents/job_application/invitae_assignment/hw_sample_0.csv","rs815421",185,1,0.994623655913978,-0.0053763440860215,0.0053763440860215,0.450763980200942,FALSE
"116","/home/lmd/Documents/job_application/invitae_assignment/hw_sample_0.csv","rs912811",22,417,0.0501138952164009,0.0501138952164009,0.0501138952164009,0.87561109899834,FALSE
"118","/home/lmd/Documents/job_application/invitae_assignment/hw_sample_0.csv","rs9309715",935,2,0.99786552828175,-0.00213447171824976,0.00213447171824976,0.480410711730114,FALSE
"120","/home/lmd/Documents/job_application/invitae_assignment/hw_sample_0.csv","rs965308",18,296,0.0573248407643312,0.0573248407643312,0.0573248407643312,0.906461578992718,FALSE
"122","/home/lmd/Documents/job_application/invitae_assignment/hw_sample_0.csv","rs9997661",82,85,0.491017964071856,-0.00898203592814373,0.00898203592814373,0.418117035717971,FALSE
"12","/home/lmd/Documents/job_application/invitae_assignment/hw_sample_1.csv","rs10031144",162,113,0.589090909090909,0.0890909090909091,0.0890909090909091,0.979834443393536,FALSE
"32","/home/lmd/Documents/job_application/invitae_assignment/hw_sample_1.csv","rs10044327",336,353,0.48766328011611,-0.0123367198838897,0.0123367198838897,0.38823671171362,FALSE
"52","/home/lmd/Documents/job_application/invitae_assignment/hw_sample_1.csv","rs10829589",1008,55,0.948259642521166,-0.0517403574788335,0.0517403574788335,0.116874980057507,FALSE
"710","/home/lmd/Documents/job_application/invitae_assignment/hw_sample_1.csv","rs10889119",48,1386,0.0334728033472803,0.0334728033472803,0.0334728033472803,0.779452175349502,FALSE
"910","/home/lmd/Documents/job_application/invitae_assignment/hw_sample_1.csv","rs11118858",179,145,0.552469135802469,0.0524691358024691,0.0524691358024691,0.886385310090641,FALSE
"1110","/home/lmd/Documents/job_application/invitae_assignment/hw_sample_1.csv","rs11258412",52,655,0.0735502121640736,0.0735502121640736,0.0735502121640736,0.954742503623205,FALSE
"131","/home/lmd/Documents/job_application/invitae_assignment/hw_sample_1.csv","rs11683450",352,381,0.480218281036835,-0.0197817189631651,0.0197817189631651,0.324462097215005,FALSE
"151","/home/lmd/Documents/job_application/invitae_assignment/hw_sample_1.csv","rs11715522",406,27,0.937644341801386,-0.0623556581986143,0.0623556581986143,0.0756356455609589,FALSE
"171","/home/lmd/Documents/job_application/invitae_assignment/hw_sample_1.csv","rs11725087",630,16,0.975232198142415,-0.0247678018575851,0.0247678018575851,0.284336432207305,FALSE
"191","/home/lmd/Documents/job_application/invitae_assignment/hw_sample_1.csv","rs11919274",183,166,0.524355300859599,0.0243553008595988,0.0243553008595988,0.71243548975765,FALSE
"211","/home/lmd/Documents/job_application/invitae_assignment/hw_sample_1.csv","rs12140319",48,601,0.073959938366718,0.073959938366718,0.073959938366718,0.955633263613663,FALSE
"231","/home/lmd/Documents/job_application/invitae_assignment/hw_sample_1.csv","rs12492157",151,772,0.163596966413868,0.163596966413868,0.163596966413868,0.999916734376606,TRUE
"251","/home/lmd/Documents/job_application/invitae_assignment/hw_sample_1.csv","rs12614754",408,57,0.87741935483871,-0.12258064516129,0.12258064516129,0.00239314613620351,TRUE
"271","/home/lmd/Documents/job_application/invitae_assignment/hw_sample_1.csv","rs12631577",37,348,0.0961038961038961,0.0961038961038961,0.0961038961038961,0.986507637299855,FALSE
"291","/home/lmd/Documents/job_application/invitae_assignment/hw_sample_1.csv","rs1295111",780,979,0.443433769187038,-0.0565662308129619,0.0565662308129619,0.0964894120913258,FALSE
"311","/home/lmd/Documents/job_application/invitae_assignment/hw_sample_1.csv","rs13011835",311,8,0.974921630094044,-0.0250783699059561,0.0250783699059561,0.281917527902284,FALSE
"331","/home/lmd/Documents/job_application/invitae_assignment/hw_sample_1.csv","rs13105200",4,156,0.025,0.025,0.025,0.717473012823009,FALSE
"351","/home/lmd/Documents/job_application/invitae_assignment/hw_sample_1.csv","rs13144747",791,42,0.949579831932773,-0.0504201680672269,0.0504201680672269,0.122948761885425,FALSE
"371","/home/lmd/Documents/job_application/invitae_assignment/hw_sample_1.csv","rs13385577",58,994,0.0551330798479087,0.0551330798479087,0.0551330798479087,0.89775000126035,FALSE
"391","/home/lmd/Documents/job_application/invitae_assignment/hw_sample_1.csv","rs1360913",242,336,0.418685121107266,-0.0813148788927336,0.0813148788927336,0.0306459588476693,FALSE
"411","/home/lmd/Documents/job_application/invitae_assignment/hw_sample_1.csv","rs1362840",454,52,0.897233201581028,-0.102766798418972,0.102766798418972,0.00901311317601813,TRUE
"431","/home/lmd/Documents/job_application/invitae_assignment/hw_sample_1.csv","rs1415960",884,875,0.50255827174531,0.00255827174530987,0.00255827174530987,0.523474627661144,FALSE
"451","/home/lmd/Documents/job_application/invitae_assignment/hw_sample_1.csv","rs1656376",326,256,0.560137457044674,0.0601374570446735,0.0601374570446735,0.916821646227624,FALSE
"471","/home/lmd/Documents/job_application/invitae_assignment/hw_sample_1.csv","rs16902776",675,10,0.985401459854015,-0.0145985401459854,0.0145985401459854,0.368446234207124,FALSE
"491","/home/lmd/Documents/job_application/invitae_assignment/hw_sample_1.csv","rs17029053",246,183,0.573426573426573,0.0734265734265734,0.0734265734265734,0.954470900385478,FALSE
"511","/home/lmd/Documents/job_application/invitae_assignment/hw_sample_1.csv","rs1703285",157,113,0.581481481481481,0.0814814814814815,0.0814814814814815,0.96961862301732,FALSE
"531","/home/lmd/Documents/job_application/invitae_assignment/hw_sample_1.csv","rs1768809",63,534,0.105527638190955,0.105527638190955,0.105527638190955,0.992421734040046,TRUE
"55","/home/lmd/Documents/job_application/invitae_assignment/hw_sample_1.csv","rs1796879",35,463,0.070281124497992,0.070281124497992,0.070281124497992,0.947109674277653,FALSE
"57","/home/lmd/Documents/job_application/invitae_assignment/hw_sample_1.csv","rs1799398",190,176,0.519125683060109,0.0191256830601093,0.0191256830601093,0.670089093214455,FALSE
"59","/home/lmd/Documents/job_application/invitae_assignment/hw_sample_1.csv","rs1890846",703,581,0.547507788161994,0.0475077881619937,0.0475077881619937,0.862879049929902,FALSE
"61","/home/lmd/Documents/job_application/invitae_assignment/hw_sample_1.csv","rs2073400",683,4,0.994177583697234,-0.0058224163027657,0.0058224163027657,0.446702351359065,FALSE
"63","/home/lmd/Documents/job_application/invitae_assignment/hw_sample_1.csv","rs2235547",516,15,0.971751412429379,-0.0282485875706214,0.0282485875706214,0.25780927378624,FALSE
"651","/home/lmd/Documents/job_application/invitae_assignment/hw_sample_1.csv","rs2360833",1,576,0.00173310225303293,0.00173310225303293,0.00173310225303293,0.515907866401747,FALSE
"66","/home/lmd/Documents/job_application/invitae_assignment/hw_sample_1.csv","rs250348",236,196,0.546296296296296,0.0462962962962963,0.0462962962962963,0.856667156491083,FALSE
"68","/home/lmd/Documents/job_application/invitae_assignment/hw_sample_1.csv","rs2582353",357,494,0.419506462984724,-0.0804935370152762,0.0804935370152762,0.0319783702801763,FALSE
"70","/home/lmd/Documents/job_application/invitae_assignment/hw_sample_1.csv","rs34102579",1742,23,0.986968838526912,-0.0130311614730878,0.0130311614730878,0.382126853722825,FALSE
"72","/home/lmd/Documents/job_application/invitae_assignment/hw_sample_1.csv","rs347150",436,450,0.492099322799097,-0.00790067720090293,0.00790067720090293,0.427859450147667,FALSE
"74","/home/lmd/Documents/job_application/invitae_assignment/hw_sample_1.csv","rs4667886",636,538,0.541737649063032,0.0417376490630323,0.0417376490630323,0.83161122084074,FALSE
"76","/home/lmd/Documents/job_application/invitae_assignment/hw_sample_1.csv","rs4672359",288,415,0.409672830725462,-0.0903271692745377,0.0903271692745377,0.0188181956746216,FALSE
"781","/home/lmd/Documents/job_application/invitae_assignment/hw_sample_1.csv","rs4752189",133,1024,0.11495246326707,0.11495246326707,0.11495246326707,0.995921730697865,TRUE
"801","/home/lmd/Documents/job_application/invitae_assignment/hw_sample_1.csv","rs4855031",123,530,0.188361408882083,0.188361408882083,0.188361408882083,0.99999271055498,TRUE
"82","/home/lmd/Documents/job_application/invitae_assignment/hw_sample_1.csv","rs4953297",553,1,0.998194945848375,-0.00180505415162457,0.00180505415162457,0.48343207095815,FALSE
"84","/home/lmd/Documents/job_application/invitae_assignment/hw_sample_1.csv","rs579511",350,532,0.396825396825397,-0.103174603174603,0.103174603174603,0.00878721991563737,TRUE
"86","/home/lmd/Documents/job_application/invitae_assignment/hw_sample_1.csv","rs624455",291,340,0.461172741679873,-0.0388272583201268,0.0388272583201268,0.185775469661463,FALSE
"88","/home/lmd/Documents/job_application/invitae_assignment/hw_sample_1.csv","rs6436409",309,343,0.473926380368098,-0.0260736196319019,0.0260736196319019,0.274233369124892,FALSE
"90","/home/lmd/Documents/job_application/invitae_assignment/hw_sample_1.csv","rs6661116",372,26,0.934673366834171,-0.0653266331658291,0.0653266331658291,0.0663641490346274,FALSE
"921","/home/lmd/Documents/job_application/invitae_assignment/hw_sample_1.csv","rs6677868",539,634,0.459505541346974,-0.0404944586530264,0.0404944586530264,0.175683508737096,FALSE
"941","/home/lmd/Documents/job_application/invitae_assignment/hw_sample_1.csv","rs6725201",513,1,0.998054474708171,-0.00194552529182879,0.00194552529182879,0.482143568223596,FALSE
"961","/home/lmd/Documents/job_application/invitae_assignment/hw_sample_1.csv","rs6736082",35,1418,0.0240880935994494,0.0240880935994494,0.0240880935994494,0.710335221809354,FALSE
"981","/home/lmd/Documents/job_application/invitae_assignment/hw_sample_1.csv","rs6769809",260,182,0.588235294117647,0.0882352941176471,0.0882352941176471,0.978854763846681,FALSE
"1001","/home/lmd/Documents/job_application/invitae_assignment/hw_sample_1.csv","rs6806386",503,20,0.961759082217973,-0.0382409177820268,0.0382409177820268,0.189408548398914,FALSE
"1021","/home/lmd/Documents/job_application/invitae_assignment/hw_sample_1.csv","rs698666",435,315,0.58,0.08,0.08,0.967198233477442,FALSE
"1041","/home/lmd/Documents/job_application/invitae_assignment/hw_sample_1.csv","rs7092383",724,39,0.948885976408912,-0.0511140235910879,0.0511140235910879,0.119729505214343,FALSE
"106","/home/lmd/Documents/job_application/invitae_assignment/hw_sample_1.csv","rs7426662",901,46,0.95142555438226,-0.0485744456177403,0.0485744456177403,0.131806107322074,FALSE
"108","/home/lmd/Documents/job_application/invitae_assignment/hw_sample_1.csv","rs7591097",383,1,0.997395833333333,-0.00260416666666663,0.00260416666666663,0.476104741400637,FALSE
"1091","/home/lmd/Documents/job_application/invitae_assignment/hw_sample_1.csv","rs7913502",341,249,0.577966101694915,0.0779661016949152,0.0779661016949152,0.963618531975113,FALSE
"1111","/home/lmd/Documents/job_application/invitae_assignment/hw_sample_1.csv","rs7914545",118,90,0.567307692307692,0.0673076923076923,0.0673076923076923,0.939311756691556,FALSE
"113","/home/lmd/Documents/job_application/invitae_assignment/hw_sample_1.csv","rs7915483",583,4,0.993185689948893,-0.00681431005110733,0.00681431005110733,0.437691468011033,FALSE
"115","/home/lmd/Documents/job_application/invitae_assignment/hw_sample_1.csv","rs7919129",436,30,0.935622317596567,-0.0643776824034334,0.0643776824034334,0.0692246558068824,FALSE
"117","/home/lmd/Documents/job_application/invitae_assignment/hw_sample_1.csv","rs7922050",328,321,0.505392912172573,0.00539291217257321,0.00539291217257321,0.549386972392966,FALSE
"119","/home/lmd/Documents/job_application/invitae_assignment/hw_sample_1.csv","rs815421",240,33,0.879120879120879,-0.120879120879121,0.120879120879121,0.00270194582912185,TRUE
"121","/home/lmd/Documents/job_application/invitae_assignment/hw_sample_1.csv","rs912811",1,675,0.0014792899408284,0.0014792899408284,0.0014792899408284,0.513579141204469,FALSE
"1221","/home/lmd/Documents/job_application/invitae_assignment/hw_sample_1.csv","rs9309715",1358,1,0.999264164827079,-0.000735835172921306,0.000735835172921306,0.493244419510991,FALSE
"123","/home/lmd/Documents/job_application/invitae_assignment/hw_sample_1.csv","rs965308",80,400,0.166666666666667,0.166666666666667,0.166666666666667,0.999937389526429,TRUE
"125","/home/lmd/Documents/job_application/invitae_assignment/hw_sample_1.csv","rs9997661",142,166,0.461038961038961,-0.038961038961039,0.038961038961039,0.184952635239837,FALSE
"14","/home/lmd/Documents/job_application/invitae_assignment/hw_sample_2.csv","rs10031144",112,99,0.530805687203792,0.0308056872037915,0.0308056872037915,0.760826357993448,FALSE
"34","/home/lmd/Documents/job_application/invitae_assignment/hw_sample_2.csv","rs10044327",291,320,0.476268412438625,-0.0237315875613748,0.0237315875613748,0.29247809924577,FALSE
"510","/home/lmd/Documents/job_application/invitae_assignment/hw_sample_2.csv","rs10829589",714,93,0.884758364312268,-0.115241635687732,0.115241635687732,0.00399874977499714,TRUE
"711","/home/lmd/Documents/job_application/invitae_assignment/hw_sample_2.csv","rs10889119",43,1300,0.032017870439315,0.032017870439315,0.032017870439315,0.769396399980291,FALSE
"911","/home/lmd/Documents/job_application/invitae_assignment/hw_sample_2.csv","rs11118858",156,91,0.631578947368421,0.131578947368421,0.131578947368421,0.998769772761266,TRUE
"1112","/home/lmd/Documents/job_application/invitae_assignment/hw_sample_2.csv","rs11258412",85,571,0.129573170731707,0.129573170731707,0.129573170731707,0.99856814861811,TRUE
"132","/home/lmd/Documents/job_application/invitae_assignment/hw_sample_2.csv","rs11683450",291,321,0.475490196078431,-0.0245098039215687,0.0245098039215687,0.286353399217925,FALSE
"152","/home/lmd/Documents/job_application/invitae_assignment/hw_sample_2.csv","rs11715522",321,49,0.867567567567568,-0.132432432432432,0.132432432432432,0.00115259731383889,TRUE
"172","/home/lmd/Documents/job_application/invitae_assignment/hw_sample_2.csv","rs11725087",541,16,0.971274685816876,-0.0287253141831239,0.0287253141831239,0.254278753121477,FALSE
"192","/home/lmd/Documents/job_application/invitae_assignment/hw_sample_2.csv","rs11919274",154,122,0.557971014492754,0.0579710144927537,0.0579710144927537,0.908922176339881,FALSE
"212","/home/lmd/Documents/job_application/invitae_assignment/hw_sample_2.csv","rs12140319",68,465,0.127579737335835,0.127579737335835,0.127579737335835,0.99833829754504,TRUE
"232","/home/lmd/Documents/job_application/invitae_assignment/hw_sample_2.csv","rs12492157",230,725,0.240837696335079,0.240837696335079,0.240837696335079,0.999999985103416,TRUE
"252","/home/lmd/Documents/job_application/invitae_assignment/hw_sample_2.csv","rs12614754",456,53,0.895874263261297,-0.104125736738703,0.104125736738703,0.0082795527238055,TRUE
"272","/home/lmd/Documents/job_application/invitae_assignment/hw_sample_2.csv","rs12631577",61,282,0.177842565597668,0.177842565597668,0.177842565597668,0.999978697176227,TRUE
"292","/home/lmd/Documents/job_application/invitae_assignment/hw_sample_2.csv","rs1295111",674,894,0.42984693877551,-0.0701530612244898,0.0701530612244898,0.0532089450629527,FALSE
"312","/home/lmd/Documents/job_application/invitae_assignment/hw_sample_2.csv","rs13011835",274,6,0.978571428571429,-0.0214285714285715,0.0214285714285715,0.310950492955521,FALSE
"332","/home/lmd/Documents/job_application/invitae_assignment/hw_sample_2.csv","rs13105200",2,150,0.0131578947368421,0.0131578947368421,0.0131578947368421,0.6189850643449,FALSE
"352","/home/lmd/Documents/job_application/invitae_assignment/hw_sample_2.csv","rs13144747",681,22,0.968705547652916,-0.0312944523470839,0.0312944523470839,0.235697328353905,FALSE
"372","/home/lmd/Documents/job_application/invitae_assignment/hw_sample_2.csv","rs13385577",57,851,0.0627753303964758,0.0627753303964758,0.0627753303964758,0.925730857207787,FALSE
"392","/home/lmd/Documents/job_application/invitae_assignment/hw_sample_2.csv","rs1360913",191,330,0.366602687140115,-0.133397312859885,0.133397312859885,0.00107025517847719,TRUE
"412","/home/lmd/Documents/job_application/invitae_assignment/hw_sample_2.csv","rs1362840",366,64,0.851162790697674,-0.148837209302326,0.148837209302326,0.000307009416939597,TRUE
"432","/home/lmd/Documents/job_application/invitae_assignment/hw_sample_2.csv","rs1415960",940,746,0.557532621589561,0.0575326215895611,0.0575326215895611,0.907258096040123,FALSE
"452","/home/lmd/Documents/job_application/invitae_assignment/hw_sample_2.csv","rs1656376",329,282,0.538461538461538,0.0384615384615384,0.0384615384615384,0.811963560803777,FALSE
"472","/home/lmd/Documents/job_application/invitae_assignment/hw_sample_2.csv","rs16902776",601,18,0.97092084006462,-0.0290791599353797,0.0290791599353797,0.251674741804826,FALSE
"492","/home/lmd/Documents/job_application/invitae_assignment/hw_sample_2.csv","rs17029053",215,162,0.570291777188329,0.0702917771883289,0.0702917771883289,0.947136109672299,FALSE
"512","/home/lmd/Documents/job_application/invitae_assignment/hw_sample_2.csv","rs1703285",138,123,0.528735632183908,0.0287356321839081,0.0287356321839081,0.74579737824523,FALSE
"532","/home/lmd/Documents/job_application/invitae_assignment/hw_sample_2.csv","rs1768809",65,391,0.142543859649123,0.142543859649123,0.142543859649123,0.999481901612558,TRUE
"551","/home/lmd/Documents/job_application/invitae_assignment/hw_sample_2.csv","rs1796879",43,350,0.10941475826972,0.10941475826972,0.10941475826972,0.994100096703314,TRUE
"571","/home/lmd/Documents/job_application/invitae_assignment/hw_sample_2.csv","rs1799398",135,184,0.423197492163009,-0.0768025078369906,0.0768025078369906,0.0385692683198903,FALSE
"591","/home/lmd/Documents/job_application/invitae_assignment/hw_sample_2.csv","rs1890846",660,537,0.551378446115288,0.0513784461152882,0.0513784461152882,0.88148154457402,FALSE
"611","/home/lmd/Documents/job_application/invitae_assignment/hw_sample_2.csv","rs2073400",616,2,0.996763754045307,-0.00323624595469252,0.00323624595469252,0.470314590732073,FALSE
"631","/home/lmd/Documents/job_application/invitae_assignment/hw_sample_2.csv","rs2235547",477,20,0.959758551307847,-0.040241448692153,0.040241448692153,0.177192273400356,FALSE
"652","/home/lmd/Documents/job_application/invitae_assignment/hw_sample_2.csv","rs2360833",10,568,0.0173010380622837,0.0173010380622837,0.0173010380622837,0.654746360550734,FALSE
"671","/home/lmd/Documents/job_application/invitae_assignment/hw_sample_2.csv","rs250348",209,195,0.517326732673267,0.0173267326732673,0.0173267326732673,0.654964265935734,FALSE
"691","/home/lmd/Documents/job_application/invitae_assignment/hw_sample_2.csv","rs2582353",303,528,0.364620938628159,-0.135379061371841,0.135379061371841,0.000917796878854656,TRUE
"712","/home/lmd/Documents/job_application/invitae_assignment/hw_sample_2.csv","rs34102579",1579,10,0.99370673379484,-0.00629326620516046,0.00629326620516046,0.442421179391923,FALSE
"731","/home/lmd/Documents/job_application/invitae_assignment/hw_sample_2.csv","rs347150",379,388,0.494132985658409,-0.00586701434159059,0.00586701434159059,0.446296572171615,FALSE
"751","/home/lmd/Documents/job_application/invitae_assignment/hw_sample_2.csv","rs4667886",554,488,0.531669865642994,0.0316698656429942,0.0316698656429942,0.766953742361198,FALSE
"771","/home/lmd/Documents/job_application/invitae_assignment/hw_sample_2.csv","rs4672359",276,369,0.427906976744186,-0.072093023255814,0.072093023255814,0.0485426280730076,FALSE
"79","/home/lmd/Documents/job_application/invitae_assignment/hw_sample_2.csv","rs4752189",116,845,0.120707596253902,0.120707596253902,0.120707596253902,0.997265009650803,TRUE
"811","/home/lmd/Documents/job_application/invitae_assignment/hw_sample_2.csv","rs4855031",144,366,0.282352941176471,-0.217647058823529,0.217647058823529,2.73656528396361e-07,TRUE
"831","/home/lmd/Documents/job_application/invitae_assignment/hw_sample_2.csv","rs4953297",524,2,0.996197718631179,-0.00380228136882133,0.00380228136882133,0.465134719043595,FALSE
"851","/home/lmd/Documents/job_application/invitae_assignment/hw_sample_2.csv","rs579511",248,513,0.325886990801577,-0.174113009198423,0.174113009198423,3.07417888819634e-05,TRUE
"871","/home/lmd/Documents/job_application/invitae_assignment/hw_sample_2.csv","rs624455",242,297,0.448979591836735,-0.0510204081632653,0.0510204081632653,0.120160346484672,FALSE
"891","/home/lmd/Documents/job_application/invitae_assignment/hw_sample_2.csv","rs6436409",324,308,0.512658227848101,0.0126582278481012,0.0126582278481012,0.614595531099725,FALSE
"912","/home/lmd/Documents/job_application/invitae_assignment/hw_sample_2.csv","rs6661116",346,55,0.86284289276808,-0.13715710723192,0.13715710723192,0.000798268109879824,TRUE
"93","/home/lmd/Documents/job_application/invitae_assignment/hw_sample_2.csv","rs6677868",450,661,0.405040504050405,-0.094959495949595,0.094959495949595,0.0144297132908035,FALSE
"95","/home/lmd/Documents/job_application/invitae_assignment/hw_sample_2.csv","rs6725201",424,1,0.997647058823529,-0.00235294117647056,0.00235294117647056,0.478407558503359,FALSE
"97","/home/lmd/Documents/job_application/invitae_assignment/hw_sample_2.csv","rs6736082",38,1459,0.0253841015364061,0.0253841015364061,0.0253841015364061,0.720453981281009,FALSE
"99","/home/lmd/Documents/job_application/invitae_assignment/hw_sample_2.csv","rs6769809",191,169,0.530555555555556,0.0305555555555556,0.0305555555555556,0.759036530512856,FALSE
"101","/home/lmd/Documents/job_application/invitae_assignment/hw_sample_2.csv","rs6806386",480,54,0.898876404494382,-0.101123595505618,0.101123595505618,0.00997565599920519,TRUE
"103","/home/lmd/Documents/job_application/invitae_assignment/hw_sample_2.csv","rs698666",384,267,0.589861751152074,0.0898617511520737,0.0898617511520737,0.980683830926652,FALSE
"1051","/home/lmd/Documents/job_application/invitae_assignment/hw_sample_2.csv","rs7092383",786,26,0.967980295566502,-0.0320197044334976,0.0320197044334976,0.230590765161056,FALSE
"1071","/home/lmd/Documents/job_application/invitae_assignment/hw_sample_2.csv","rs7426662",727,84,0.896424167694205,-0.103575832305795,0.103575832305795,0.00856982807048001,TRUE
"1092","/home/lmd/Documents/job_application/invitae_assignment/hw_sample_2.csv","rs7591097",327,2,0.993920972644377,-0.00607902735562305,0.00607902735562305,0.444368329302949,FALSE
"1113","/home/lmd/Documents/job_application/invitae_assignment/hw_sample_2.csv","rs7913502",290,193,0.600414078674948,0.100414078674948,0.100414078674948,0.989581732973881,FALSE
"1131","/home/lmd/Documents/job_application/invitae_assignment/hw_sample_2.csv","rs7914545",107,72,0.597765363128492,0.0977653631284916,0.0977653631284916,0.987774757854252,FALSE
"1151","/home/lmd/Documents/job_application/invitae_assignment/hw_sample_2.csv","rs7915483",501,2,0.996023856858847,-0.00397614314115313,0.00397614314115313,0.463544829158389,FALSE
"1171","/home/lmd/Documents/job_application/invitae_assignment/hw_sample_2.csv","rs7919129",387,61,0.863839285714286,-0.136160714285714,0.136160714285714,0.000863357347087825,TRUE
"1191","/home/lmd/Documents/job_application/invitae_assignment/hw_sample_2.csv","rs7922050",255,292,0.46617915904936,-0.0338208409506399,0.0338208409506399,0.2181801421125,FALSE
"1211","/home/lmd/Documents/job_application/invitae_assignment/hw_sample_2.csv","rs815421",172,40,0.811320754716981,-0.188679245283019,0.188679245283019,7.05086321427321e-06,TRUE
"1231","/home/lmd/Documents/job_application/invitae_assignment/hw_sample_2.csv","rs912811",17,561,0.0294117647058824,0.0294117647058824,0.0294117647058824,0.750760051388443,FALSE
"1251","/home/lmd/Documents/job_application/invitae_assignment/hw_sample_2.csv","rs9309715",1268,1,0.999211977935382,-0.00078802206461781,0.00078802206461781,0.492765351113053,FALSE
"127","/home/lmd/Documents/job_application/invitae_assignment/hw_sample_2.csv","rs965308",122,331,0.269315673289183,-0.230684326710817,0.230684326710817,5.51208789160186e-08,TRUE
"129","/home/lmd/Documents/job_application/invitae_assignment/hw_sample_2.csv","rs9997661",112,120,0.482758620689655,-0.0172413793103448,0.0172413793103448,0.345759778457961,FALSE
